id_venta,fecha_venta,hora_venta,id_cliente,producto,precio,cantidad,monto_venta,id_moneda
1,2024/01/28,11:04,1,Pastry - Butterscotch Baked,35.8,127,4546.6,978
2,2023/10/27,3:12,2,Mushroom - King Eryingii,46.9,100,4690.0,978
3,2023/08/27,0:20,3,"Tart Shells - Savory, 2",16.5,423,6979.5,978
4,2023/03/23,19:10,4,Chicken - Whole Fryers,15.6,954,14882.4,978
5,2023/02/27,5:45,5,Wine - Fino Tio Pepe Gonzalez,24.3,42,1020.6,978
6,2024/01/28,23:02,6,Potatoes - Idaho 100 Count,33.6,936,31449.6,978
7,2023/07/11,4:13,7,Dried Apple,36.8,755,27784.0,978
8,2023/10/19,9:27,8,"Coconut - Shredded, Unsweet",13.6,121,1645.6,978
9,2023/03/05,1:59,9,Melon - Honey Dew,31.4,174,5463.6,978
10,2023/02/16,0:23,10,Sauce - Caesar Dressing,47.7,792,37778.4,978
11,2023/07/29,4:32,11,Samosa - Veg,6.2,796,4935.2,978
12,2024/01/28,21:27,12,Cookie Dough - Chunky,24.1,475,11447.5,978
13,2023/07/06,21:10,13,Table Cloth - 53x69 Colour,14.2,544,7724.8,978
14,2024/02/02,16:59,14,"Wine - Cahors Ac 2000, Clos",3.2,274,876.8,978
15,2023/05/10,5:22,15,"Sole - Dover, Whole, Fresh",31.4,284,8917.6,978
16,2024/01/08,1:52,16,"Plate - Foam, Bread And Butter",8.6,928,7980.8,978
17,2023/05/27,23:09,17,Beef - Tenderloin Tails,36.7,138,5064.6,978
18,2023/12/09,19:03,18,Rootbeer,35.3,247,8719.1,978
19,2023/04/19,15:31,19,Cup Translucent 9 Oz,45.0,544,24480.0,978
20,2024/01/07,8:53,20,Bread - French Stick,33.2,444,14740.8,978
21,2023/12/13,23:22,21,Gelatine Leaves - Bulk,19.1,372,7105.2,978
22,2023/11/19,7:34,22,Salt - Celery,10.1,195,1969.5,978
23,2024/01/29,11:35,23,"Pepper - Paprika, Spanish",12.7,141,1790.7,978
24,2023/08/28,19:44,24,Lettuce - Treviso,13.1,773,10126.3,978
25,2023/05/31,1:38,25,Sponge Cake Mix - Chocolate,44.6,910,40586.0,978
26,,12:14,26,"Artichokes - Knobless, White",43.6,859,37452.4,978
27,2023/10/23,1:37,27,"Coconut - Shredded, Unsweet",11.0,699,7689.0,978
28,2024/01/19,9:18,28,Bagel - Everything,36.2,414,14986.8,978
29,2023/05/18,3:04,29,Wine - Fat Bastard Merlot,19.7,399,7860.3,978
30,2023/05/19,22:47,30,Vinegar - Raspberry,31.0,688,21328.0,978
31,2023/04/16,8:04,31,Quail - Jumbo,45.4,472,21428.8,978
32,2023/09/06,7:24,32,"Salmon - Atlantic, No Skin",17.0,373,6341.0,978
33,2023/11/17,1:18,33,"Chocolate - Pistoles, White",33.9,10,339.0,978
34,2023/12/20,17:21,34,Ice Cream Bar - Drumstick,8.3,115,954.5,978
35,2023/10/25,15:28,35,Oneshot Automatic Soap System,40.8,500,20400.0,978
36,2023/07/31,4:15,36,Butter Sweet,1.0,258,258.0,978
37,2023/10/15,11:30,37,Ice Cream - Turtles Stick Bar,43.7,447,19533.9,978
38,2023/05/15,15:35,38,Brandy - Bar,24.3,539,13097.7,978
39,2023/09/06,22:28,39,Corn Shoots,9.2,182,1674.4,978
40,2023/05/04,23:02,40,"Chicken - Base, Ultimate",49.6,591,29313.6,978
41,2023/08/22,10:26,41,Beer - Original Organic Lager,16.5,951,15691.5,978
42,2023/08/23,0:34,42,Bacardi Raspberry,37.5,430,16125.0,978
43,2023/10/30,21:05,43,Propel Sport Drink,7.4,811,6001.4,978
44,2023/06/26,12:28,44,Lamb - Sausage Casings,30.2,928,28025.6,978
45,2023/07/29,15:35,45,Beer - Mill St Organic,41.6,403,16764.8,978
46,2023/09/26,16:03,46,Shrimp - Black Tiger 13/15,48.2,293,14122.6,978
47,2023/12/04,18:51,47,Bread - Hot Dog Buns,49.3,632,31157.6,978
48,2023/08/15,18:13,48,Spice - Chili Powder Mexican,23.9,914,21844.6,978
49,2023/05/21,2:09,49,Sunflower Seed Raw,37.8,30,1134.0,978
50,2023/08/04,9:08,50,Cafe Royale,46.9,981,46008.9,978
51,2023/03/24,0:19,51,Wine - Saint Emilion Calvet,42.1,489,20586.9,978
52,2024/01/18,20:08,52,Muffin Batt - Blueberry Passion,31.1,668,20774.8,978
53,2023/10/18,7:30,53,Beer - Maudite,13.1,149,1951.9,978
54,2023/05/07,10:16,54,Milk - 2% 250 Ml,30.2,613,18512.6,978
55,2023/03/07,3:51,55,Energy Drink Bawls,8.1,236,1911.6,978
56,2023/04/05,21:44,56,Wine - Malbec Trapiche Reserve,23.8,213,5069.4,978
57,2023/08/23,19:54,57,Bandage - Fexible 1x3,27.8,856,23796.8,978
58,2023/07/30,6:27,58,Capon - Whole,16.7,166,2772.2,978
59,2023/05/27,9:28,59,"Yogurt - Banana, 175 Gr",23.6,258,6088.8,978
60,2024/01/13,7:28,60,Shrimp - Tiger 21/25,27.2,753,20481.6,978
61,2023/09/28,3:39,61,Puree - Guava,37.9,398,15084.2,978
62,2023/04/14,5:03,62,"Fish - Scallops, Cold Smoked",20.8,354,7363.2,978
63,2023/08/28,10:58,63,"Quail - Whole, Boneless",7.5,815,6112.5,978
64,2023/09/05,2:06,64,Beer - Rickards Red,47.8,856,40916.8,978
65,2023/07/10,18:45,65,Chocolate - Chips Compound,2.9,402,1165.8,978
66,2023/02/26,21:31,66,"Pepper - Chipotle, Canned",43.7,204,8914.8,978
67,2023/08/31,11:29,67,Dried Cherries,10.7,261,2792.7,978
68,2023/07/02,16:41,68,"Vodka - Lemon, Absolut",12.4,954,11829.6,978
69,2023/07/14,16:50,69,Tea - Lemon Green Tea,13.1,29,379.9,978
70,2023/10/15,15:15,70,Cheese - Taleggio D.o.p.,1.8,965,1737.0,978
71,2023/05/22,7:06,71,"Cheese - Cheddar, Medium",48.9,651,31833.9,978
72,2024/02/08,0:15,72,Spice - Greek 1 Step,45.9,221,10143.9,978
73,2023/11/12,14:50,73,Bread - Petit Baguette,10.6,509,5395.4,978
74,2023/03/15,3:08,74,Rabbit - Saddles,42.1,715,30101.5,978
75,2023/09/05,2:44,75,Wooden Mop Handle,17.7,332,5876.4,978
76,2023/05/07,17:23,76,"Glass - Wine, Plastic, Clear 5 Oz",27.6,439,12116.4,978
77,2023/03/19,18:13,77,Ice Cream Bar - Hagen Daz,24.1,891,21473.1,978
78,2023/06/24,6:23,78,,35.1,273,9582.3,978
79,2023/05/19,9:23,79,Poppy Seed,2.0,560,1120.0,978
80,2024/01/19,21:55,80,Soup - Campbells Bean Medley,27.0,856,23112.0,978
81,2023/08/20,20:39,81,Aromat Spice / Seasoning,41.2,787,32424.4,978
82,2023/03/05,13:35,82,Coffee Caramel Biscotti,22.2,537,11921.4,978
83,2023/05/28,22:32,83,Shrimp - Black Tiger 26/30,9.3,590,5487.0,978
84,2023/06/25,13:10,84,Nut - Pumpkin Seeds,47.3,133,6290.9,978
85,2023/06/07,14:16,85,Yokaline,16.8,342,5745.6,978
86,2023/08/20,6:13,86,Avocado,48.8,281,13712.8,978
87,2023/12/27,16:19,87,Soup - Campbellschix Stew,32.9,691,22733.9,978
88,2023/11/07,8:41,88,Quail - Jumbo,39.2,280,10976.0,978
89,2023/11/02,10:34,89,Cotton Wet Mop 16 Oz,19.4,232,4500.8,978
90,2023/05/28,19:59,90,"Beans - Black Bean, Dry",31.2,859,26800.8,978
91,2023/09/17,18:51,91,Wine La Vielle Ferme Cote Du,41.9,341,14287.9,978
92,2023/07/17,10:40,92,Beer - Molson Excel,7.3,562,4102.6,978
93,2023/04/05,9:13,93,Longan,20.2,587,11857.4,978
94,2023/07/30,15:26,94,Muffin Hinge 117n,37.9,3,113.7,978
95,2023/11/16,11:10,95,Flour - Semolina,6.6,376,2481.6,978
96,2023/05/25,2:55,96,Bonito Flakes - Toku Katsuo,19.7,691,13612.7,978
97,2023/09/06,9:26,97,Cod - Fillets,13.8,867,11964.6,978
98,2023/09/27,20:44,98,Fruit Mix - Light,32.0,19,608.0,978
99,2023/10/23,19:35,99,Cheese - Le Cru Du Clocher,3.3,579,1910.7,978
100,2024/01/01,19:19,100,Beef - Tenderloin,20.7,489,10122.3,978
101,2023/07/11,21:03,101,"Mushroom - Trumpet, Dry",31.6,91,2875.6,978
102,2023/03/02,0:21,102,"Bread - Roll, Whole Wheat",22.0,159,3498.0,978
103,2023/11/06,3:12,103,Bar Bran Honey Nut,28.3,216,6112.8,978
104,2023/12/22,6:16,104,Lamb Rack - Ontario,4.4,514,2261.6,978
105,2023/02/24,19:22,105,Fiddlehead - Frozen,17.6,908,15980.8,978
106,2023/08/12,15:42,106,Flower - Daisies,17.6,307,5403.2,978
107,2023/08/23,22:35,107,Jerusalem Artichoke,24.8,755,18724.0,978
108,2023/08/27,18:32,108,Muffin - Blueberry Individual,33.6,332,11155.2,978
109,2023/11/27,19:04,109,Coffee Cup 8oz 5338cd,25.5,396,10098.0,978
110,2023/10/11,20:03,110,Clams - Bay,31.8,111,3529.8,978
111,2023/10/17,19:08,111,"Asparagus - Green, Fresh",17.5,112,1960.0,978
112,2023/08/08,0:13,112,Fiddlehead - Frozen,41.3,499,20608.7,978
113,2023/12/22,6:35,113,"Oil - Shortening,liqud, Fry",46.1,426,19638.6,978
114,2023/09/01,3:02,114,"Clams - Littleneck, Whole",48.4,154,7453.6,978
115,2024/01/14,10:17,115,Sobe - Orange Carrot,32.0,719,23008.0,978
116,2023/07/02,10:00,116,Wine - Fat Bastard Merlot,23.8,912,21705.6,978
117,2023/03/06,10:14,117,Nori Sea Weed,41.9,946,39637.4,978
118,,4:36,118,Yogurt - French Vanilla,39.4,885,34869.0,978
119,2023/07/30,10:36,119,Sugar - Icing,39.0,15,585.0,978
120,2023/05/11,18:47,120,"Star Anise, Whole",4.9,711,3483.9,978
121,2023/09/06,10:51,121,Bacon Strip Precooked,20.4,588,11995.2,978
122,2023/04/10,6:25,122,Oil - Canola,17.7,770,13629.0,978
123,2023/03/09,15:48,123,Swiss Chard,33.4,915,30561.0,978
124,2023/12/09,18:06,124,Lumpfish Black,23.3,279,6500.7,978
125,2023/06/26,16:55,125,Table Cloth 72x144 White,46.2,412,19034.4,978
126,2023/04/19,0:49,126,Pumpkin - Seed,47.3,480,22704.0,978
127,2024/02/12,9:09,127,Bread - Mini Hamburger Bun,49.0,36,1764.0,978
128,2023/06/26,18:31,128,Pastry - Lemon Danish - Mini,12.7,212,2692.4,978
129,2023/10/15,15:58,129,Cake - Bande Of Fruit,38.0,828,31464.0,978
130,2024/01/02,12:55,130,Container - Foam Dixie 12 Oz,40.9,82,3353.8,978
131,2024/01/16,4:27,131,Bread - Ciabatta Buns,40.5,169,6844.5,978
132,2023/11/19,16:15,132,"Lemonade - Mandarin, 591 Ml",30.3,485,14695.5,978
133,2024/02/02,11:47,133,"Wine - Red, Cooking",49.6,232,11507.2,978
134,,12:45,134,Pork - Bacon Cooked Slcd,30.8,505,15554.0,978
135,2023/07/03,14:16,135,Bread - Triangle White,15.8,480,7584.0,978
136,2023/12/17,8:57,136,"Chocolate - Pistoles, Lactee, Milk",1.8,769,1384.2,978
137,2023/11/22,3:44,137,Butter - Pod,48.0,683,32784.0,978
138,2023/08/15,21:30,138,Pork - Hock And Feet Attached,30.5,997,30408.5,978
139,2023/07/07,6:16,139,Tarts Assorted,25.9,476,12328.4,978
140,2023/10/27,2:01,140,Spring Roll Wrappers,8.0,58,464.0,978
141,2023/06/09,16:37,141,Dc - Frozen Momji,16.8,513,8618.4,978
142,2023/09/15,20:22,142,Chick Peas - Dried,33.4,700,23380.0,978
143,2023/06/22,19:53,143,,27.9,277,7728.3,978
144,2023/03/21,11:47,144,Transfer Sheets,23.7,639,15144.3,978
145,2023/08/13,4:36,145,Wheat - Soft Kernal Of Wheat,3.1,75,232.5,978
146,2023/08/23,21:16,146,Sobe - Cranberry Grapefruit,16.9,291,4917.9,978
147,2023/03/04,5:11,147,The Pop Shoppe - Cream Soda,16.3,945,15403.5,978
148,2023/07/13,4:03,148,Emulsifier,40.1,853,34205.3,978
149,2023/06/26,1:25,149,Haggis,28.4,901,25588.4,978
150,2023/08/09,23:36,150,Lemon Balm - Fresh,38.5,52,2002.0,978
151,2024/02/09,21:07,151,"Red Snapper - Fresh, Whole",42.9,124,5319.6,978
152,2023/04/23,18:07,152,Beans - Fine,34.4,815,28036.0,978
153,2023/07/16,1:36,153,Instant Coffee,16.8,163,2738.4,978
154,,9:12,154,,47.2,285,13452.0,978
155,2023/08/25,7:30,155,"Tart Shells - Savory, 4",24.8,341,8456.8,978
156,2023/03/17,15:52,156,Quiche Assorted,11.0,784,8624.0,978
157,2023/06/22,23:34,157,"Melon - Watermelon, Seedless",9.8,702,6879.6,978
158,2024/01/11,4:41,158,Whmis - Spray Bottle Trigger,17.5,109,1907.5,978
159,2023/12/14,18:00,159,Towel - Roll White,4.7,674,3167.8,978
160,2023/04/12,21:08,160,Pie Shell - 5,18.4,441,8114.4,978
161,2023/04/29,1:12,161,Wine - German Riesling,20.2,615,12423.0,978
162,2023/06/02,6:54,162,Cheese - Mascarpone,3.6,452,1627.2,978
163,2023/12/11,1:54,163,"Wine - White, Riesling, Henry Of",44.7,474,21187.8,978
164,2023/03/30,21:10,164,"Basil - Dry, Rubbed",32.6,250,8150.0,978
165,2023/06/28,21:21,165,Vinegar - Champagne,10.6,899,9529.4,978
166,2023/05/17,14:38,166,,47.7,246,11734.2,978
167,2024/02/03,14:01,167,Bread - Burger,41.4,177,7327.8,978
168,2023/11/26,13:46,168,Cake Sheet Combo Party Pack,27.5,359,9872.5,978
169,2023/09/21,6:13,169,Pork - Sausage Casing,31.3,185,5790.5,978
170,2023/05/18,1:31,170,Vinegar - Balsamic,39.4,838,33017.2,978
171,2023/05/13,6:25,171,Water - Evian 355 Ml,43.5,803,34930.5,978
172,2023/11/24,15:47,172,"Roe - Lump Fish, Black",16.7,696,11623.2,978
173,2023/09/25,8:18,173,Wine - Touraine Azay - Le - Rideau,18.4,574,10561.6,978
174,2023/08/22,1:10,174,"Pepper - White, Whole",16.8,43,722.4,978
175,2023/05/26,18:31,175,Dried Cranberries,29.1,957,27848.7,978
176,2023/05/06,14:45,176,Tart - Lemon,3.7,563,2083.1,978
177,2023/11/09,8:44,177,Squeeze Bottle,27.6,938,25888.8,978
178,2023/12/20,6:44,178,Fenngreek Seed,20.9,938,19604.2,978
179,2023/04/14,5:16,179,Steampan - Half Size Shallow,5.3,929,4923.7,978
180,2023/11/11,17:12,180,Butter Balls Salted,24.7,700,17290.0,978
181,2023/03/28,14:16,181,Energy Drink - Redbull 355ml,20.7,456,9439.2,978
182,2023/06/26,3:05,182,"Chicken - Base, Ultimate",36.5,373,13614.5,978
183,2023/06/16,9:03,183,"Rum - Dark, Bacardi, Black",26.6,335,8911.0,978
184,2024/01/02,9:00,184,Clam - Cherrystone,36.6,611,22362.6,978
185,2023/10/29,22:22,185,Cheese - Grana Padano,8.8,2,17.6,978
186,2023/11/06,5:51,186,Cup - Paper 10oz 92959,31.9,237,7560.3,978
187,2023/08/24,8:45,187,"Wine - White, Riesling, Semi - Dry",35.3,407,14367.1,978
188,2023/09/06,16:24,188,Towel - Roll White,5.0,741,3705.0,978
189,2023/05/31,11:14,189,Ecolab - Power Fusion,28.5,327,9319.5,978
190,2023/11/14,11:19,190,Sprouts - Alfalfa,2.3,660,1518.0,978
191,2023/09/23,2:43,191,"Glass - Wine, Plastic, Clear 5 Oz",14.5,639,9265.5,978
192,2024/01/18,14:17,192,Chinese Foods - Chicken Wing,29.6,844,24982.4,978
193,2023/09/16,18:20,193,Bamboo Shoots - Sliced,25.7,313,8044.1,978
194,2023/04/26,5:29,194,"Pasta - Fusili, Dry",14.2,437,6205.4,978
195,2023/10/23,10:52,195,"Wine - White, Mosel Gold",43.2,92,3974.4,978
196,2024/01/05,2:01,196,"Oil - Olive, Extra Virgin",38.5,567,21829.5,978
197,2023/09/05,13:40,197,Sausage - Breakfast,45.0,533,23985.0,978
198,2024/01/19,15:02,198,Rice - Brown,31.5,175,5512.5,978
199,2023/10/29,11:26,199,"Halibut - Whole, Fresh",13.5,466,6291.0,978
200,2023/11/01,22:04,200,Bread Sour Rolls,11.1,576,6393.6,978
201,2023/02/20,8:06,201,Muffin Mix - Banana Nut,25.4,872,22148.8,978
202,2023/04/13,0:06,202,Wine - Ruffino Chianti Classico,16.1,39,627.9,978
203,2024/01/25,4:05,203,Cotton Wet Mop 16 Oz,42.1,335,14103.5,978
204,2023/04/03,17:45,204,Sugar - Icing,19.5,621,12109.5,978
205,2023/10/16,4:41,205,,4.5,155,697.5,978
206,2023/02/21,11:16,206,Pickle - Dill,42.0,964,40488.0,978
207,2023/12/21,4:09,207,Fondant - Icing,18.9,367,6936.3,978
208,2023/03/04,18:47,208,Coffee Guatemala Dark,44.8,442,19801.6,978
209,2023/03/21,17:56,209,Walkers Special Old Whiskey,23.3,850,19805.0,978
210,2023/07/21,16:38,210,Coriander - Ground,17.2,628,10801.6,978
211,2023/05/25,15:36,211,Wine - Savigny - Les - Beaune,14.1,344,4850.4,978
212,2023/05/01,2:50,212,Pate - Liver,24.8,939,23287.2,978
213,2023/06/08,17:23,213,"Yogurt - Cherry, 175 Gr",42.8,227,9715.6,978
214,2023/08/27,14:51,214,"Lamb - Leg, Diced",37.5,185,6937.5,978
215,2023/10/15,13:14,215,External Supplier,37.2,572,21278.4,978
216,2023/09/15,22:23,216,Cauliflower,18.9,80,1512.0,978
217,2023/04/18,15:37,217,Ice Cream Bar - Rolo Cone,26.7,810,21627.0,978
218,2023/04/10,12:21,218,"Nut - Cashews, Whole, Raw",17.1,749,12807.9,978
219,2023/12/07,4:38,219,"Doilies - 10, Paper",42.2,507,21395.4,978
220,2023/08/04,9:51,220,Tuna - Sushi Grade,10.9,116,1264.4,978
221,2023/06/16,19:21,221,Coffee - Dark Roast,30.1,862,25946.2,978
222,2023/10/08,15:07,222,Sambuca - Opal Nera,22.3,551,12287.3,978
223,2023/09/06,14:30,223,Tuna - Yellowfin,30.0,343,10290.0,978
224,2023/07/26,18:09,224,"Juice - Grapefruit, 341 Ml",42.6,900,38340.0,978
225,2023/08/23,13:30,225,Liqueur - Melon,7.5,814,6105.0,978
226,2023/06/29,13:52,226,"Wine - Bourgogne 2002, La",36.7,745,27341.5,978
227,2023/12/02,7:29,227,Plastic Wrap,33.6,477,16027.2,978
228,2023/12/17,3:26,228,Shrimp - Black Tiger 6 - 8,22.1,145,3204.5,978
229,2023/09/21,17:51,229,Mahi Mahi,34.3,77,2641.1,978
230,2023/08/30,6:33,230,Oil - Avocado,16.8,445,7476.0,978
231,2023/10/30,22:48,231,Beef - Striploin Aa,47.0,119,5593.0,978
232,2023/07/16,9:53,232,Chinese Foods - Plain Fried Rice,43.5,745,32407.5,978
233,2023/10/02,5:26,233,"Pasta - Lasagna Noodle, Frozen",24.8,236,5852.8,978
234,2023/10/15,10:45,234,Cake - Night And Day Choclate,47.9,712,34104.8,978
235,2024/01/08,12:48,235,Hot Choc Vending,24.4,929,22667.6,978
236,2024/02/07,12:55,236,"Oil - Olive, Extra Virgin",28.5,662,18867.0,978
237,2023/08/28,22:41,237,"Rum - Cream, Amarula",19.1,206,3934.6,978
238,2023/09/25,18:57,238,Beer - Blue,17.8,289,5144.2,978
239,,19:01,239,Wine - Malbec Trapiche Reserve,37.5,686,25725.0,978
240,2023/04/04,9:58,240,"Oil - Shortening,liqud, Fry",40.4,958,38703.2,978
241,2024/01/13,16:14,241,Turnip - Mini,30.3,161,4878.3,978
242,2023/07/21,22:36,242,Flax Seed,37.0,479,17723.0,978
243,2023/10/22,2:47,243,"Oregano - Dry, Rubbed",46.3,740,34262.0,978
244,2023/11/18,5:10,244,Transfer Sheets,2.0,588,1176.0,978
245,2023/10/27,20:45,245,Mushroom - Morel Frozen,43.8,656,28732.8,978
246,2023/12/09,2:01,246,Sage - Rubbed,9.1,665,6051.5,978
247,2023/04/09,9:10,247,,29.0,526,15254.0,978
248,2023/08/07,22:57,248,Bread - Raisin Walnut Pull,29.7,227,6741.9,978
249,2023/06/24,21:50,249,"Juice - Orange, Concentrate",37.5,458,17175.0,978
250,2023/02/20,9:28,250,"Beans - Kidney, Canned",48.4,450,21780.0,978
251,2023/12/16,20:20,251,Rice - 7 Grain Blend,46.6,116,5405.6,978
252,2023/02/17,0:00,252,Dried Apple,7.6,141,1071.6,978
253,2023/02/19,6:25,253,"Tabasco Sauce, 2 Oz",32.2,257,8275.4,978
254,2023/08/18,18:52,254,"Lamb - Racks, Frenched",37.1,588,21814.8,978
255,2023/09/04,7:10,255,Energy Drink - Franks Pineapple,29.3,771,22590.3,978
256,2023/08/01,16:45,256,,17.8,879,15646.2,978
257,2023/05/28,22:38,257,Ham - Cooked,48.4,623,30153.2,978
258,2023/08/12,11:57,258,Snapple - Iced Tea Peach,22.4,860,19264.0,978
259,2023/09/14,11:26,259,Snapple - Iced Tea Peach,39.9,720,28728.0,978
260,2023/10/26,9:48,260,"Bread - Pita, Mini",35.9,133,4774.7,978
261,2024/02/05,22:41,261,Wakami Seaweed,44.5,253,11258.5,978
262,2023/07/08,1:35,262,Milk - Skim,30.9,704,21753.6,978
263,2023/05/09,2:40,263,Milk Powder,18.8,896,16844.8,978
264,2023/04/17,2:19,264,Apricots Fresh,45.3,412,18663.6,978
265,2023/08/20,5:14,265,Beef - Top Butt,28.2,689,19429.8,978
266,2023/11/14,9:17,266,Sloe Gin - Mcguinness,26.3,619,16279.7,978
267,2023/04/03,4:05,267,Mix - Cocktail Strawberry Daiquiri,18.6,743,13819.8,978
268,2023/09/06,7:06,268,Wine - Pinot Noir Mondavi Coastal,36.7,536,19671.2,978
269,2023/03/09,15:45,269,"Stock - Veal, White",21.0,235,4935.0,978
270,2023/05/17,19:31,270,Sponge Cake Mix - Chocolate,19.1,653,12472.3,978
271,2023/11/14,2:26,271,Steampan - Foil,22.5,197,4432.5,978
272,2023/07/05,10:52,272,Salad Dressing,3.1,421,1305.1,978
273,2023/10/08,10:10,273,Appetizer - Southwestern,4.1,281,1152.1,978
274,2023/12/28,17:42,274,Garbage Bag - Clear,12.3,861,10590.3,978
275,2023/11/19,3:34,275,Wine - Coteaux Du Tricastin Ac,31.2,266,8299.2,978
276,2023/12/24,13:36,276,Chips - Potato Jalapeno,12.7,961,12204.7,978
277,2023/03/07,20:47,277,Pork Salted Bellies,8.7,382,3323.4,978
278,2023/09/20,21:47,278,Gatorade - Cool Blue Raspberry,36.1,480,17328.0,978
279,2023/09/24,20:01,279,Chives - Fresh,11.1,747,8291.7,978
280,2023/10/29,0:26,280,Peach - Fresh,27.7,819,22686.3,978
281,2023/05/30,13:08,281,Tea - Orange Pekoe,34.1,50,1705.0,978
282,2024/01/03,10:51,282,Lobster - Tail 6 Oz,33.0,419,13827.0,978
283,2023/05/10,17:00,283,Wine - Chianti Classica Docg,12.3,653,8031.9,978
284,2023/12/25,14:41,284,Veal - Heart,36.9,813,29999.7,978
285,2023/05/06,15:11,285,Bread - Hot Dog Buns,4.1,147,602.7,978
286,2024/01/13,8:50,286,Cheese - Comtomme,46.2,588,27165.6,978
287,2023/05/08,14:28,287,Wine - Conde De Valdemar,19.8,61,1207.8,978
288,2023/11/05,20:59,288,Cilantro / Coriander - Fresh,32.6,212,6911.2,978
289,2024/01/09,14:15,289,Bar - Sweet And Salty Chocolate,16.7,624,10420.8,978
290,2023/07/05,5:32,290,,45.3,998,45209.4,978
291,2024/01/11,5:03,291,"Wine - Sherry Dry Sack, William",14.4,778,11203.2,978
292,2023/10/09,14:34,292,Sour Puss Sour Apple,45.1,794,35809.4,978
293,2023/10/02,9:44,293,"Butter - Salted, Micro",21.5,756,16254.0,978
294,2024/01/02,22:53,294,"Yogurt - Raspberry, 175 Gr",23.3,422,9832.6,978
295,2023/07/21,6:17,295,Spice - Paprika,40.7,127,5168.9,978
296,2023/05/07,9:58,296,Kippers - Smoked,34.4,722,24836.8,978
297,2024/01/28,21:42,297,"Pasta - Fettuccine, Egg, Fresh",42.7,441,18830.7,978
298,2023/06/12,13:16,298,"Sparkling Wine - Rose, Freixenet",38.2,982,37512.4,978
299,2023/04/04,17:33,299,Chocolate - Liqueur Cups With Foil,24.3,954,23182.2,978
300,2023/04/01,19:11,300,Muffin Batt - Choc Chk,10.1,365,3686.5,978
301,2023/11/08,6:02,301,Ice Cream - Turtles Stick Bar,32.5,470,15275.0,978
302,2023/02/16,16:04,302,Bread - Pain Au Liat X12,41.6,939,39062.4,978
303,2023/08/10,6:00,303,Parsnip,32.5,652,21190.0,978
304,2024/01/08,6:27,304,Sage Ground Wiberg,2.3,604,1389.2,978
305,2023/12/28,7:16,305,Creme De Cacao Mcguines,33.1,980,32438.0,978
306,2023/07/22,17:53,306,Milk - 1%,6.7,167,1118.9,978
307,2024/01/02,20:28,307,Poppy Seed,4.2,487,2045.4,978
308,,4:51,308,"Pork - Chop, Frenched",5.0,62,310.0,978
309,2023/10/06,6:23,309,Pastry - Baked Scones - Mini,24.1,811,19545.1,978
310,2023/07/07,11:08,310,Chinese Foods - Pepper Beef,31.1,730,22703.0,978
311,2023/12/16,11:48,311,Thyme - Fresh,15.2,539,8192.8,978
312,2023/08/01,5:56,312,Swiss Chard - Red,20.3,517,10495.1,978
313,2023/02/20,8:36,313,"Tomatoes - Plum, Canned",25.3,303,7665.9,978
314,2023/10/14,21:49,314,Everfresh Products,28.5,693,19750.5,978
315,2023/10/21,8:22,315,Cheese - Bocconcini,3.4,537,1825.8,978
316,2023/06/28,0:03,316,Water - Evian 355 Ml,39.6,649,25700.4,978
317,2023/08/03,19:57,317,"Rum - Cream, Amarula",9.3,462,4296.6,978
318,2024/02/12,23:32,318,"Soup - Knorr, Chicken Noodle",17.6,929,16350.4,978
319,2023/06/16,6:30,319,Beer - Upper Canada Lager,5.3,681,3609.3,978
320,2024/02/15,8:02,320,Creme De Menthe Green,19.9,815,16218.5,978
321,2023/05/27,21:31,321,Strawberries - California,45.6,783,35704.8,978
322,2023/06/26,10:07,322,Tomato - Green,3.8,82,311.6,978
323,2024/02/09,21:19,323,Oranges,47.5,343,16292.5,978
324,2023/03/05,11:34,324,Chicken Giblets,9.5,31,294.5,978
325,2024/01/01,23:07,325,Clams - Bay,22.0,604,13288.0,978
326,2023/03/03,18:03,326,Truffle Paste,2.2,669,1471.8,978
327,2023/07/26,2:10,327,Goulash Seasoning,25.4,617,15671.8,978
328,2023/05/05,23:05,328,Peach - Fresh,8.6,361,3104.6,978
329,2023/06/16,9:20,329,"Split Peas - Yellow, Dry",11.4,51,581.4,978
330,2023/08/30,20:20,330,"Syrup - Golden, Lyles",15.1,468,7066.8,978
331,2023/08/15,13:51,331,Vol Au Vents,46.7,683,31896.1,978
332,2023/12/23,5:20,332,Ocean Spray - Kiwi Strawberry,41.2,223,9187.6,978
333,2023/11/04,6:38,333,Trueblue - Blueberry,1.4,606,848.4,978
334,2023/10/09,1:53,334,Rabbit - Saddles,19.5,245,4777.5,978
335,2023/06/27,18:50,335,"Ranchero - Primerba, Paste",46.9,429,20120.1,978
336,2023/07/21,16:29,336,Salmon Steak - Cohoe 6 Oz,42.2,247,10423.4,978
337,2023/03/15,18:43,337,"Lettuce - Romaine, Heart",49.2,901,44329.2,978
338,2023/12/18,14:35,338,Cheese - Perron Cheddar,42.0,502,21084.0,978
339,2023/08/12,9:21,339,,29.5,91,2684.5,978
340,2023/03/24,8:30,340,"Seedlings - Mix, Organic",37.5,968,36300.0,978
341,2023/05/11,15:41,341,Coffee - Decaffeinato Coffee,3.5,824,2884.0,978
342,2023/11/03,14:26,342,Wine - George Duboeuf Rose,2.7,683,1844.1,978
343,2024/02/14,14:47,343,"Pasta - Fettuccine, Egg, Fresh",15.5,323,5006.5,978
344,2023/03/10,6:46,344,Paper Cocktail Umberlla 80 - 180,14.2,22,312.4,978
345,,17:57,345,Aspic - Amber,44.5,973,43298.5,978
346,2023/03/26,17:23,346,Clementine,41.8,636,26584.8,978
347,2023/05/22,7:33,347,Corn Meal,36.7,675,24772.5,978
348,2023/10/05,9:53,348,Sachet,14.4,449,6465.6,978
349,2023/09/04,0:21,349,Macaroons - Homestyle Two Bit,7.7,52,400.4,978
350,2023/07/09,4:42,350,Milk - Buttermilk,30.5,209,6374.5,978
351,2023/03/18,2:20,351,,48.7,738,35940.6,978
352,2023/03/18,5:34,352,,6.8,709,4821.2,978
353,,2:29,353,Bagel - Everything Presliced,30.6,138,4222.8,978
354,2023/06/27,15:34,354,Vinegar - Raspberry,18.7,605,11313.5,978
355,2023/11/08,14:55,355,Tea - Herbal - 6 Asst,19.1,337,6436.7,978
356,2023/09/02,1:47,356,Graham Cracker Mix,19.1,72,1375.2,978
357,2023/05/28,11:45,357,"Pepper - Red, Finger Hot",13.7,199,2726.3,978
358,2023/06/07,9:42,358,Crackers - Water,9.2,991,9117.2,978
359,2023/08/04,9:09,359,"Juice - Grape, White",31.1,241,7495.1,978
360,2023/07/17,13:16,360,"Crush - Grape, 355 Ml",16.9,720,12168.0,978
361,2023/07/19,17:44,361,Lamb - Bones,24.1,701,16894.1,978
362,2023/09/30,19:48,362,Curry Powder,16.2,343,5556.6,978
363,2023/11/22,12:05,363,Sugar - White Packet,26.8,826,22136.8,978
364,2024/01/11,4:54,364,Apricots Fresh,21.8,9,196.2,978
365,2023/08/05,8:31,365,Catfish - Fillets,44.8,762,34137.6,978
366,2023/04/11,4:38,366,The Pop Shoppe - Root Beer,7.7,346,2664.2,978
367,2023/12/03,9:49,367,Cape Capensis - Fillet,43.7,796,34785.2,978
368,2023/09/05,15:34,368,Sour Cream,6.7,267,1788.9,978
369,2023/06/30,6:20,369,Cheese - Gouda Smoked,3.0,25,75.0,978
370,2023/10/18,12:45,370,Soup - Campbells - Chicken Noodle,17.7,681,12053.7,978
371,2023/07/22,1:02,371,Lamb - Shoulder,7.2,189,1360.8,978
372,2023/06/15,2:09,372,Lemonade - Pineapple Passion,37.1,787,29197.7,978
373,2023/04/10,11:19,373,Cheese - Grana Padano,41.8,212,8861.6,978
374,2023/09/11,11:04,374,Sauce - Cranberry,13.0,895,11635.0,978
375,2023/04/20,15:49,375,"Pork - Loin, Bone - In",34.6,172,5951.2,978
376,2023/03/27,21:48,376,Oranges,12.3,499,6137.7,978
377,2024/01/22,0:10,377,Wooden Mop Handle,3.3,767,2531.1,978
378,2024/01/06,20:54,378,Sauce - Balsamic Viniagrette,19.3,178,3435.4,978
379,2023/09/11,23:04,379,Sauce - Vodka Blush,14.7,327,4806.9,978
380,2023/10/02,7:16,380,Sugar - Individual Portions,16.6,604,10026.4,978
381,2023/09/14,10:57,381,Cheese - Goat,10.8,192,2073.6,978
382,2023/06/10,4:54,382,Ice Cream Bar - Hagen Daz,20.9,170,3553.0,978
383,2023/03/01,5:21,383,Pastry - Choclate Baked,10.9,521,5678.9,978
384,2023/04/08,20:45,384,Papayas,20.0,72,1440.0,978
385,2023/11/07,6:34,385,Rice - 7 Grain Blend,47.0,28,1316.0,978
386,2023/10/04,6:17,386,Celery,46.0,895,41170.0,978
387,2023/10/02,9:46,387,Nutmeg - Ground,35.2,753,26505.6,978
388,2023/07/07,1:14,388,,46.4,754,34985.6,978
389,2023/05/21,9:48,389,Tomato Paste,10.8,560,6048.0,978
390,2023/06/09,13:02,390,Cinnamon - Ground,21.2,606,12847.2,978
391,2023/10/06,15:55,391,Peach - Fresh,41.2,881,36297.2,978
392,2024/01/07,10:05,392,"Wine - White, Gewurtzraminer",20.5,112,2296.0,978
393,2023/10/20,2:59,393,Pastry - Cheese Baked Scones,29.7,311,9236.7,978
394,2023/06/03,2:26,394,Napkin - Beverage 1 Ply,40.9,962,39345.8,978
395,2023/09/16,12:02,395,Pastry - Apple Muffins - Mini,44.2,114,5038.8,978
396,2023/10/27,16:45,396,Bar Mix - Lemon,25.7,603,15497.1,978
397,2023/10/18,11:26,397,Oil - Grapeseed Oil,39.7,817,32434.9,978
398,2023/12/09,15:24,398,Pumpkin - Seed,41.0,171,7011.0,978
399,2024/01/06,13:22,399,Knife Plastic - White,24.5,156,3822.0,978
400,2023/10/08,9:43,400,Lady Fingers,1.5,517,775.5,978
401,2023/04/13,0:56,401,Soup - Campbells Chicken,30.5,204,6222.0,978
402,2023/06/06,7:59,402,Bacardi Mojito,1.3,338,439.4,978
403,2024/02/13,23:15,403,"Soup - Knorr, Chicken Noodle",25.2,950,23940.0,978
404,2023/06/26,1:31,404,Beer - Tetleys,14.4,828,11923.2,978
405,2023/10/18,12:12,405,"Vermouth - Sweet, Cinzano",16.6,841,13960.6,978
406,2023/06/21,0:58,406,"Beans - Kidney, Canned",23.2,985,22852.0,978
407,2023/06/15,7:58,407,Southern Comfort,14.7,446,6556.2,978
408,2023/04/08,16:11,408,Spice - Pepper Portions,10.2,393,4008.6,978
409,2023/06/18,9:34,409,Coffee - French Vanilla Frothy,5.0,392,1960.0,978
410,2023/04/20,11:06,410,Muffin Batt - Choc Chk,24.8,100,2480.0,978
411,2023/07/31,15:23,411,Pancetta,38.0,185,7030.0,978
412,2023/08/07,6:47,412,Sponge Cake Mix - Vanilla,30.1,278,8367.8,978
413,2024/01/02,0:43,413,Chocolate - Feathers,34.1,97,3307.7,978
414,2023/11/06,8:18,414,Wine - Delicato Merlot,11.9,588,6997.2,978
415,2024/01/16,10:43,415,Sugar - Monocystal / Rock,47.3,536,25352.8,978
416,2023/12/11,9:30,416,Longos - Grilled Chicken With,16.7,412,6880.4,978
417,2023/07/01,11:40,417,Parsley Italian - Fresh,19.8,468,9266.4,978
418,2023/06/14,19:12,418,Bar Mix - Lemon,29.9,220,6578.0,978
419,2023/10/05,12:42,419,Curry Powder Madras,22.5,492,11070.0,978
420,2023/08/20,19:17,420,"Veal - Tenderloin, Untrimmed",18.9,449,8486.1,978
421,2023/11/07,17:19,421,Toamtoes 6x7 Select,36.4,379,13795.6,978
422,2023/11/07,8:06,422,"Split Peas - Yellow, Dry",27.3,152,4149.6,978
423,2023/03/17,22:17,423,"Crab - Blue, Frozen",24.0,765,18360.0,978
424,2023/09/02,2:31,424,,44.4,457,20290.8,978
425,2023/09/04,2:50,425,"Stock - Veal, Brown",38.2,425,16235.0,978
426,2023/03/16,21:59,426,Napkin White,41.6,232,9651.2,978
427,2023/10/16,5:19,427,The Pop Shoppe Pinapple,47.0,478,22466.0,978
428,2023/03/13,16:44,428,Piping Jelly - All Colours,24.4,586,14298.4,978
429,2023/11/29,10:41,429,Wine - Pinot Noir Stoneleigh,32.3,83,2680.9,978
430,2024/01/16,17:27,430,Knife Plastic - White,29.9,954,28524.6,978
431,2023/03/27,0:58,431,Cheese - Augre Des Champs,19.7,710,13987.0,978
432,2023/12/13,15:50,432,"Zucchini - Mini, Green",41.8,909,37996.2,978
433,2023/11/04,14:40,433,Cinnamon - Stick,17.8,641,11409.8,978
434,2023/02/16,5:32,434,Pears - Fiorelle,15.9,738,11734.2,978
435,,10:26,435,Cheese - Gouda,5.8,559,3242.2,978
436,2023/11/20,4:49,436,Rosemary - Fresh,26.8,550,14740.0,978
437,,20:43,437,,38.1,875,33337.5,978
438,2023/12/06,16:28,438,"Nut - Almond, Blanched, Whole",33.2,803,26659.6,978
439,,4:33,439,"Fish - Halibut, Cold Smoked",12.7,25,317.5,978
440,2023/10/18,18:01,440,Calypso - Lemonade,16.6,162,2689.2,978
441,2023/09/24,13:17,441,Spice - Pepper Portions,25.5,401,10225.5,978
442,2023/08/26,3:13,442,Bread Crumbs - Panko,19.7,437,8608.9,978
443,2023/07/09,16:24,443,Island Oasis - Magarita Mix,13.8,432,5961.6,978
444,2023/12/17,0:23,444,Cake - Miini Cheesecake Cherry,48.5,891,43213.5,978
445,2023/06/22,16:08,445,Cornstarch,7.4,17,125.8,978
446,2023/03/31,0:27,446,Bread - Hot Dog Buns,13.6,838,11396.8,978
447,2024/02/08,16:04,447,Bar Energy Chocchip,49.4,867,42829.8,978
448,2023/10/17,0:49,448,"Ham - Smoked, Bone - In",18.4,838,15419.2,978
449,2024/02/07,9:01,449,Langers - Cranberry Cocktail,33.5,157,5259.5,978
450,2023/07/24,1:40,450,Cabbage - Nappa,3.4,70,238.0,978
451,2023/09/25,8:42,451,Cheese - Brie,2.2,18,39.6,978
452,2023/10/16,1:55,452,,18.2,386,7025.2,978
453,2023/11/19,4:37,453,"Tart Shells - Savory, 3",45.4,893,40542.2,978
454,2023/11/10,17:38,454,Lamb Shoulder Boneless Nz,21.0,314,6594.0,978
455,2023/07/06,3:52,455,Onions - Spanish,1.5,292,438.0,978
456,2023/02/17,22:05,456,Veal - Sweetbread,22.0,514,11308.0,978
457,2023/02/20,13:24,457,Onions - White,40.4,211,8524.4,978
458,2023/09/05,3:44,458,Sugar - Splenda Sweetener,43.0,558,23994.0,978
459,2023/06/21,7:29,459,"Potatoes - Yukon Gold, 80 Ct",16.0,262,4192.0,978
460,2023/10/21,9:09,460,Pepper - Green Thai,28.7,436,12513.2,978
461,2023/02/23,14:46,461,Bar Bran Honey Nut,34.8,931,32398.8,978
462,2023/10/02,7:48,462,"Chilli Paste, Sambal Oelek",22.3,603,13446.9,978
463,,7:01,463,Bagel - Everything Presliced,33.2,347,11520.4,978
464,2023/03/20,10:18,464,Cassis,17.3,307,5311.1,978
465,2023/03/15,18:39,465,"Wine - Red, Metus Rose",22.8,294,6703.2,978
466,2023/07/28,8:26,466,Milk - Homo,46.7,445,20781.5,978
467,2023/09/13,9:12,467,"Pepper - Julienne, Frozen",46.4,767,35588.8,978
468,2023/08/09,9:22,468,Basil - Fresh,13.2,877,11576.4,978
469,2023/07/13,13:01,469,Gelatine Leaves - Envelopes,49.1,427,20965.7,978
470,2023/07/17,16:41,470,Chinese Foods - Cantonese,22.1,521,11514.1,978
471,2023/04/15,15:56,471,Wine - Saint Emilion Calvet,28.8,237,6825.6,978
472,2024/01/06,7:31,472,Oven Mitt - 13 Inch,29.0,211,6119.0,978
473,2023/06/15,5:37,473,Oregano - Fresh,35.3,2,70.6,978
474,2023/11/06,17:00,474,Bacardi Limon,9.6,970,9312.0,978
475,2023/11/23,11:16,475,Cookie Dough - Double,41.0,756,30996.0,978
476,2023/11/12,1:07,476,Bread - Sour Sticks With Onion,24.5,806,19747.0,978
477,2023/05/31,21:04,477,Carbonated Water - Strawberry,39.1,996,38943.6,978
478,2023/11/19,12:12,478,Pasta - Angel Hair,9.8,637,6242.6,978
479,2023/12/30,1:35,479,Soup - Campbells Asian Noodle,39.9,26,1037.4,978
480,2023/12/21,0:44,480,Oil - Pumpkinseed,8.6,706,6071.6,978
481,2023/05/11,11:26,481,Water - Green Tea Refresher,22.2,701,15562.2,978
482,2024/01/21,14:36,482,Pork - Sausage Casing,7.8,322,2511.6,978
483,2023/03/05,23:12,483,Veal Inside - Provimi,32.5,344,11180.0,978
484,2023/06/18,4:16,484,"Pasta - Gnocchi, Potato",29.0,775,22475.0,978
485,2023/09/06,15:19,485,Bowl 12 Oz - Showcase 92012,32.5,676,21970.0,978
486,2023/05/08,20:44,486,Skewers - Bamboo,21.1,373,7870.3,978
487,2023/07/30,23:33,487,Chinese Foods - Chicken,36.2,310,11222.0,978
488,2023/03/12,5:07,488,Wiberg Super Cure,38.6,900,34740.0,978
489,,22:35,489,"Chicken - Breast, 5 - 7 Oz",44.0,149,6556.0,978
490,2023/05/07,10:25,490,Sprouts - Bean,39.6,98,3880.8,978
491,2023/08/07,4:56,491,Garam Marsala,32.5,426,13845.0,978
492,2023/12/15,17:28,492,Hummus - Spread,18.5,933,17260.5,978
493,2024/01/08,16:39,493,Nougat - Paste / Cream,5.7,753,4292.1,978
494,2023/07/28,18:45,494,,13.8,977,13482.6,978
495,2023/06/28,12:02,495,Veal - Osso Bucco,38.4,419,16089.6,978
496,2024/01/17,10:09,496,"Rum - Dark, Bacardi, Black",31.5,792,24948.0,978
497,2023/05/16,23:55,497,Juice - Lime,28.0,88,2464.0,978
498,2024/02/03,5:05,498,Cheese Cheddar Processed,45.2,384,17356.8,978
499,2023/11/26,15:27,499,Tea - Herbal Orange Spice,46.6,699,32573.4,978
500,2024/01/10,10:13,500,Mushroom Morel Fresh,5.0,225,1125.0,978
501,2023/10/22,10:40,501,Table Cloth 90x90 White,3.7,203,751.1,978
502,2024/02/02,11:13,502,"Appetizer - Mini Egg Roll, Shrimp",34.4,247,8496.8,978
503,2024/01/14,17:18,503,Mini - Vol Au Vents,26.6,376,10001.6,978
504,2023/11/05,13:46,504,Beef - Ground Medium,11.0,134,1474.0,978
505,2023/11/02,13:12,505,Mix - Cocktail Ice Cream,3.2,845,2704.0,978
506,2023/09/04,10:51,506,Cranberry Foccacia,8.7,770,6699.0,978
507,2023/09/01,16:15,507,Shrimp - Prawn,21.9,799,17498.1,978
508,2023/11/29,20:10,508,Onions - Red,46.4,674,31273.6,978
509,2024/01/16,2:10,509,Cheese - Wine,6.1,883,5386.3,978
510,2023/05/04,14:15,510,Cheese Cloth No 60,32.8,711,23320.8,978
511,2024/02/15,18:15,511,Cheese - Feta,30.5,572,17446.0,978
512,2023/05/14,23:46,512,Soup - Campbells Bean Medley,49.7,734,36479.8,978
513,2023/08/03,12:45,513,"Bread - Rolls, Rye",29.9,66,1973.4,978
514,2023/10/25,17:09,514,"Pasta - Penne Primavera, Single",38.4,853,32755.2,978
515,2023/07/28,9:03,515,Chicken - Wieners,31.2,897,27986.4,978
516,2023/06/08,10:31,516,Beef - Kobe Striploin,49.6,332,16467.2,978
517,2023/08/20,4:52,517,Wine - Domaine Boyar Royal,28.4,75,2130.0,978
518,2023/12/10,20:52,518,"Artichoke - Bottom, Canned",42.8,428,18318.4,978
519,2023/11/04,21:37,519,Fondant - Icing,35.8,891,31897.8,978
520,2023/11/18,5:55,520,Muffin - Mix - Bran And Maple 15l,1.8,334,601.2,978
521,2024/01/03,19:39,521,Tomato - Green,26.0,713,18538.0,978
522,2024/01/22,8:35,522,Truffle Shells - Semi - Sweet,7.4,911,6741.4,978
523,2023/07/07,23:17,523,,12.4,286,3546.4,978
524,2024/01/05,23:17,524,Pastry - Baked Cinnamon Stick,2.0,180,360.0,978
525,2023/10/02,1:34,525,Cinnamon - Ground,25.9,956,24760.4,978
526,2023/08/02,3:47,526,Pimento - Canned,1.1,319,350.9,978
527,2024/01/15,23:27,527,Bacardi Breezer - Tropical,33.8,508,17170.4,978
528,2023/07/30,19:36,528,Rice - Sushi,23.2,122,2830.4,978
529,2023/12/10,1:41,529,Ginger - Ground,12.3,490,6027.0,978
530,2023/08/29,5:33,530,Eggplant - Asian,2.2,521,1146.2,978
531,2023/04/08,9:09,531,Samosa - Veg,48.1,886,42616.6,978
532,2023/05/14,6:28,532,"Olives - Green, Pitted",29.1,493,14346.3,978
533,2023/10/31,8:09,533,Orange - Tangerine,25.0,691,17275.0,978
534,2023/09/13,13:47,534,"Lid - Translucent, 3.5 And 6 Oz",45.4,85,3859.0,978
535,2023/04/27,6:00,535,"Lamb - Leg, Diced",36.0,879,31644.0,978
536,2023/07/09,20:27,536,Potatoes - Idaho 80 Count,10.3,954,9826.2,978
537,2023/07/04,9:14,537,Wine - Taylors Reserve,31.3,971,30392.3,978
538,2024/01/21,1:18,538,Wine - Magnotta - Pinot Gris Sr,14.9,963,14348.7,978
539,2023/10/02,1:26,539,Cheese Cloth,34.3,621,21300.3,978
540,2024/02/10,18:20,540,Tarragon - Fresh,8.3,116,962.8,978
541,2023/03/27,13:56,541,Veal - Heart,9.9,125,1237.5,978
542,2023/08/16,3:55,542,Pumpkin - Seed,46.2,1000,46200.0,978
543,2023/10/14,16:23,543,Coffee Cup 16oz Foam,33.0,925,30525.0,978
544,2024/01/21,7:31,544,Ham Black Forest,11.7,778,9102.6,978
545,2023/08/08,10:29,545,Silicone Paper 16.5x24,5.9,684,4035.6,978
546,2023/05/19,8:12,546,"Wine - Red, Mosaic Zweigelt",4.6,665,3059.0,978
547,2023/10/29,17:38,547,Tea - Earl Grey,35.9,136,4882.4,978
548,2023/08/03,13:04,548,Table Cloth 62x120 Colour,21.1,563,11879.3,978
549,2023/08/03,8:13,549,Soup - Campbells - Chicken Noodle,44.0,835,36740.0,978
550,2023/12/01,10:05,550,Ecolab - Solid Fusion,18.9,8,151.2,978
551,2023/10/31,10:43,551,"Tarragon - Primerba, Paste",46.3,194,8982.2,978
552,2023/10/04,20:28,552,Longos - Cheese Tortellini,32.8,911,29880.8,978
553,2023/03/30,0:18,553,Garlic - Peeled,44.7,855,38218.5,978
554,2023/08/20,8:34,554,Island Oasis - Raspberry,10.3,457,4707.1,978
555,2024/01/02,5:15,555,"Vermouth - Sweet, Cinzano",47.1,942,44368.2,978
556,2023/02/18,8:12,556,"Zucchini - Mini, Green",22.8,642,14637.6,978
557,2023/08/27,11:24,557,Kolrabi,34.3,832,28537.6,978
558,2024/02/07,14:24,558,Gatorade - Fruit Punch,7.9,237,1872.3,978
559,2023/03/29,18:53,559,Lettuce - Lambs Mash,25.4,602,15290.8,978
560,2023/09/03,20:42,560,"Ham - Smoked, Bone - In",21.1,915,19306.5,978
561,2023/07/05,2:04,561,White Fish - Filets,2.0,359,718.0,978
562,2023/12/24,3:22,562,Saskatoon Berries - Frozen,46.7,621,29000.7,978
563,2023/03/09,15:15,563,Sausage - Meat,8.7,23,200.1,978
564,2023/10/06,18:50,564,Pike - Frozen Fillet,5.9,10,59.0,978
565,2023/09/18,15:46,565,Wine - Winzer Krems Gruner,18.7,183,3422.1,978
566,2024/01/21,21:28,566,"Loaf Pan - 2 Lb, Foil",46.1,516,23787.6,978
567,2023/03/15,22:19,567,Barramundi,21.3,27,575.1,978
568,2023/03/17,0:00,568,Straws - Cocktale,7.1,264,1874.4,978
569,2023/11/26,14:05,569,Beef - Top Butt,36.0,894,32184.0,978
570,2023/05/27,10:26,570,Soup Bowl Clear 8oz92008,25.3,691,17482.3,978
571,2023/05/25,6:19,571,"Jam - Blackberry, 20 Ml Jar",43.9,576,25286.4,978
572,,18:41,572,Lamb - Shoulder,21.4,29,620.6,978
573,2023/08/26,20:05,573,Broom - Corn,19.8,618,12236.4,978
574,2023/08/25,13:52,574,Campari,39.3,767,30143.1,978
575,2023/02/21,21:55,575,Tuna - Fresh,21.0,109,2289.0,978
576,2024/01/24,14:10,576,Chicken - Base,7.5,697,5227.5,978
577,2023/11/19,19:04,577,Icecream - Dibs,10.3,962,9908.6,978
578,2023/12/20,8:25,578,Lemons,3.1,440,1364.0,978
579,2023/05/31,4:20,579,Table Cloth 91x91 Colour,5.9,299,1764.1,978
580,2023/08/18,1:50,580,Pastry - Chocolate Marble Tea,31.6,454,14346.4,978
581,2023/03/11,22:37,581,,46.6,272,12675.2,978
582,2023/05/30,2:59,582,Wine - Soave Folonari,14.0,244,3416.0,978
583,2023/03/15,10:44,583,Pepper - Yellow Bell,27.7,365,10110.5,978
584,2023/09/24,6:27,584,Oil - Cooking Spray,24.4,628,15323.2,978
585,2023/08/19,5:42,585,Orange Roughy 6/8 Oz,5.8,114,661.2,978
586,2023/03/08,23:43,586,"Juice - Orange, 341 Ml",24.8,909,22543.2,978
587,2023/05/11,12:38,587,Wine - Vovray Sec Domaine Huet,30.2,667,20143.4,978
588,2023/05/06,4:36,588,Grand Marnier,3.0,304,912.0,978
589,2023/10/08,10:38,589,Wine - Alicanca Vinho Verde,40.1,940,37694.0,978
590,2023/09/08,20:35,590,Wine La Vielle Ferme Cote Du,6.1,973,5935.3,978
591,2023/10/10,18:04,591,Sardines,40.9,767,31370.3,978
592,2023/05/25,2:53,592,Juice - Lagoon Mango,35.7,455,16243.5,978
593,2023/06/09,11:40,593,"Chicken - Wings, Tip Off",42.5,271,11517.5,978
594,2023/02/20,14:21,594,,13.4,60,804.0,978
595,2024/01/01,22:08,595,,19.8,763,15107.4,978
596,2023/05/11,2:40,596,Arizona - Plum Green Tea,1.9,564,1071.6,978
597,2023/08/26,17:57,597,Dc Hikiage Hira Huba,33.7,382,12873.4,978
598,2023/03/22,18:26,598,Yucca,6.7,914,6123.8,978
599,2023/04/15,13:00,599,Fruit Mix - Light,11.1,480,5328.0,978
600,2023/09/04,4:22,600,Pork - Suckling Pig,35.3,89,3141.7,978
601,2023/03/23,11:13,601,"Ham - Smoked, Bone - In",3.3,332,1095.6,978
602,2024/01/23,9:38,602,Beans - Wax,15.7,34,533.8,978
603,2023/05/07,21:14,603,Pepper - Pablano,44.6,560,24976.0,978
604,2024/01/02,9:37,604,Energy Drink Red Bull,42.1,703,29596.3,978
605,2024/01/25,19:12,605,"Crab - Back Fin Meat, Canned",36.4,992,36108.8,978
606,2023/08/02,4:56,606,Roe - White Fish,39.7,250,9925.0,978
607,2023/08/24,11:46,607,"Potatoes - Purple, Organic",31.9,441,14067.9,978
608,2023/02/21,12:36,608,"Cup - 6oz, Foam",49.9,891,44460.9,978
609,2023/04/19,8:09,609,Peas - Frozen,6.5,664,4316.0,978
610,2023/08/06,13:24,610,Basil - Seedlings Cookstown,33.0,689,22737.0,978
611,2023/07/31,0:51,611,Bread Ww Cluster,20.8,75,1560.0,978
612,,5:20,612,"Wine - White, Concha Y Toro",19.0,169,3211.0,978
613,2023/02/18,6:51,613,Olive - Spread Tapenade,23.3,740,17242.0,978
614,2023/05/11,21:54,614,Garam Marsala,40.1,81,3248.1,978
615,2023/06/28,19:49,615,Cornish Hen,43.7,422,18441.4,978
616,2023/03/27,0:16,616,Cheese - Comtomme,45.7,196,8957.2,978
617,2023/09/05,11:56,617,Lamb - Shoulder,31.3,596,18654.8,978
618,2023/09/23,3:06,618,Chickensplit Half,19.1,849,16215.9,978
619,2023/09/15,13:16,619,"Pepper - Paprika, Spanish",12.7,293,3721.1,978
620,2023/10/31,18:56,620,"Mushroom - Oyster, Fresh",18.7,8,149.6,978
621,2023/09/17,12:12,621,Fiddlehead - Frozen,45.6,97,4423.2,978
622,2024/01/20,12:56,622,Scallops - U - 10,7.1,243,1725.3,978
623,2023/09/07,4:50,623,Ecolab - Medallion,32.7,26,850.2,978
624,2023/08/06,5:02,624,"Roe - Lump Fish, Red",45.7,129,5895.3,978
625,2023/03/17,1:50,625,"Pasta - Spaghetti, Dry",13.1,320,4192.0,978
626,,20:29,626,Oranges,30.6,872,26683.2,978
627,2023/07/25,20:24,627,,3.6,553,1990.8,978
628,,12:59,628,Veal Inside - Provimi,41.5,865,35897.5,978
629,2023/07/16,13:46,629,Sesame Seed Black,22.5,570,12825.0,978
630,2024/01/27,7:29,630,"Water - Mineral, Natural",3.0,937,2811.0,978
631,2023/03/23,2:31,631,Couscous,21.0,722,15162.0,978
632,2024/02/10,16:19,632,Swiss Chard - Red,36.2,962,34824.4,978
633,2023/08/23,0:13,633,"Capon - Breast, Double, Wing On",19.6,511,10015.6,978
634,2023/08/03,11:15,634,Energy Drink - Franks Original,15.1,965,14571.5,978
635,2023/11/20,3:31,635,Cheese - Ermite Bleu,46.8,931,43570.8,978
636,2023/12/27,23:21,636,Pants Custom Dry Clean,27.6,306,8445.6,978
637,2023/10/07,15:38,637,Pastry - Key Limepoppy Seed Tea,24.6,952,23419.2,978
638,2023/06/07,14:02,638,Wine - Conde De Valdemar,6.9,562,3877.8,978
639,2023/03/08,10:59,639,Cranberries - Dry,35.1,134,4703.4,978
640,2023/05/10,5:45,640,Mousse - Mango,23.0,396,9108.0,978
641,2023/11/27,6:00,641,"Wine - White, Ej Gallo",10.7,811,8677.7,978
642,2023/07/03,21:53,642,"Tuna - Canned, Flaked, Light",4.8,942,4521.6,978
643,2023/12/31,13:50,643,"Hickory Smoke, Liquid",17.5,948,16590.0,978
644,2023/10/15,3:15,644,Prunes - Pitted,14.8,898,13290.4,978
645,2023/03/05,18:48,645,Muffins - Assorted,40.7,608,24745.6,978
646,2024/01/19,20:00,646,Pop - Club Soda Can,35.9,648,23263.2,978
647,2023/07/01,10:12,647,Ecolab - Lime - A - Way 4/4 L,49.6,712,35315.2,978
648,2024/02/01,13:36,648,Wine - Blue Nun Qualitatswein,9.8,63,617.4,978
649,2023/10/15,7:18,649,"Nut - Pistachio, Shelled",48.1,906,43578.6,978
650,2023/12/29,8:11,650,"Juice - Orange, Concentrate",27.7,517,14320.9,978
651,2023/07/17,22:31,651,Oats Large Flake,15.9,960,15264.0,978
652,2023/06/12,18:10,652,Beef - Texas Style Burger,34.1,671,22881.1,978
653,2023/09/09,4:58,653,Beef - Diced,8.1,353,2859.3,978
654,2024/01/11,11:37,654,"Salmon - Whole, 4 - 6 Pounds",25.1,522,13102.2,978
655,2023/10/02,22:18,655,Appetizer - Veg Assortment,9.6,486,4665.6,978
656,2023/07/30,22:36,656,Horseradish Root,28.6,446,12755.6,978
657,2023/10/31,23:42,657,Oil - Safflower,18.5,269,4976.5,978
658,2023/07/22,13:14,658,Cheese - Cream Cheese,20.7,265,5485.5,978
659,2023/12/02,2:01,659,"Doilies - 8, Paper",6.8,845,5746.0,978
660,,1:54,660,Broccoli - Fresh,27.9,719,20060.1,978
661,2023/11/27,11:08,661,"Chicken - Diced, Cooked",45.9,789,36215.1,978
662,2023/11/08,10:55,662,"Beans - Long, Chinese",45.4,169,7672.6,978
663,2023/08/25,15:50,663,Cumin - Ground,44.3,204,9037.2,978
664,2023/07/24,17:51,664,Bowl 12 Oz - Showcase 92012,38.5,504,19404.0,978
665,2023/04/11,18:18,665,Cheese - Mozzarella,23.2,187,4338.4,978
666,2023/03/24,12:04,666,Cookies Oatmeal Raisin,10.5,859,9019.5,978
667,2023/08/08,0:02,667,Wine - Ice Wine,20.3,428,8688.4,978
668,2023/06/24,4:40,668,"Juice - Clamato, 341 Ml",36.1,148,5342.8,978
669,2023/04/15,4:41,669,Piping Jelly - All Colours,25.6,301,7705.6,978
670,2023/05/26,7:15,670,Chinese Foods - Plain Fried Rice,23.7,589,13959.3,978
671,2023/05/26,12:37,671,"Roe - Lump Fish, Red",32.7,739,24165.3,978
672,2024/02/02,21:33,672,Veal - Bones,29.0,628,18212.0,978
673,2023/10/19,10:35,673,Sultanas,19.4,808,15675.2,978
674,2023/11/16,18:50,674,Turnip - Wax,13.4,903,12100.2,978
675,2023/05/17,9:21,675,Arizona - Plum Green Tea,34.0,582,19788.0,978
676,2023/11/28,1:27,676,Munchies Honey Sweet Trail Mix,4.6,318,1462.8,978
677,2023/12/04,0:11,677,"Rum - Coconut, Malibu",44.8,32,1433.6,978
678,2023/10/16,15:29,678,Beer - Labatt Blue,27.0,908,24516.0,978
679,2023/03/05,15:16,679,Ham - Virginia,49.7,693,34442.1,978
680,2023/06/15,14:09,680,Crush - Cream Soda,23.6,715,16874.0,978
681,2024/01/13,13:10,681,Wine - Carmenere Casillero Del,44.1,23,1014.3,978
682,2023/08/08,23:57,682,"Tortillas - Flour, 12",23.3,713,16612.9,978
683,2023/12/02,8:01,683,Sprite - 355 Ml,32.1,508,16306.8,978
684,2023/12/19,5:09,684,"Cake Circle, Paprus",1.5,276,414.0,978
685,2023/10/22,23:13,685,Vinegar - Champagne,23.5,633,14875.5,978
686,2023/06/17,8:29,686,Wine - Segura Viudas Aria Brut,7.1,106,752.6,978
687,,17:37,687,Soup Campbells - Tomato Bisque,28.1,316,8879.6,978
688,2024/01/07,1:32,688,Calypso - Black Cherry Lemonade,18.9,307,5802.3,978
689,2024/01/15,9:27,689,Glass - Juice Clear 5oz 55005,34.9,700,24430.0,978
690,2023/03/09,4:57,690,Grapes - Black,14.1,349,4920.9,978
691,2023/09/18,2:42,691,Coffee - Decafenated,23.8,297,7068.6,978
692,2023/07/20,22:54,692,"Veal - Brisket, Provimi, Bone - In",6.0,563,3378.0,978
693,2023/09/22,20:19,693,Cup - Paper 10oz 92959,8.5,570,4845.0,978
694,2023/12/26,18:34,694,Myers Planters Punch,29.4,880,25872.0,978
695,2023/02/27,19:44,695,,41.2,982,40458.4,978
696,2024/02/13,12:01,696,"Stock - Chicken, White",49.6,685,33976.0,978
697,2023/09/05,20:39,697,"Wine - Niagara,vqa Reisling",32.6,733,23895.8,978
698,2023/04/05,17:40,698,Pepper - Roasted Red,33.4,323,10788.2,978
699,2023/03/16,18:13,699,Pork Loin Cutlets,17.8,148,2634.4,978
700,2023/12/26,10:22,700,"Fish - Halibut, Cold Smoked",21.8,989,21560.2,978
701,2023/09/30,4:52,701,Pie Shells 10,23.7,612,14504.4,978
702,2023/06/13,14:00,702,Pastry - French Mini Assorted,29.4,642,18874.8,978
703,2023/07/21,8:05,703,Curry Powder Madras,26.6,506,13459.6,978
704,2023/04/02,4:48,704,"Tuna - Canned, Flaked, Light",11.1,528,5860.8,978
705,2023/10/16,0:39,705,Veal - Insides Provini,38.2,682,26052.4,978
706,2024/01/12,20:24,706,"Jam - Marmalade, Orange",21.0,364,7644.0,978
707,2023/03/29,12:53,707,Wine - Rosso Del Veronese Igt,3.0,919,2757.0,978
708,2023/03/27,18:16,708,Sunflower Seed Raw,46.2,195,9009.0,978
709,2023/09/24,20:58,709,Veal - Sweetbread,18.4,176,3238.4,978
710,2023/09/22,17:55,710,"Sugar - Brown, Individual",10.2,340,3468.0,978
711,2023/06/24,4:14,711,Cheese - Cottage Cheese,3.1,618,1915.8,978
712,2023/10/05,1:13,712,"Tomatoes - Plum, Canned",1.5,35,52.5,978
713,2023/10/06,12:59,713,Wine - Champagne Brut Veuve,1.8,76,136.8,978
714,2023/09/16,2:43,714,Bok Choy - Baby,42.1,684,28796.4,978
715,2023/04/27,11:40,715,Sun - Dried Tomatoes,29.4,785,23079.0,978
716,2023/04/08,12:44,716,Cookies - Englishbay Chochip,34.1,20,682.0,978
717,2023/05/30,5:39,717,Grouper - Fresh,11.4,739,8424.6,978
718,2024/01/06,8:50,718,Wine - Semi Dry Riesling Vineland,22.0,454,9988.0,978
719,2023/12/29,20:06,719,Sherry - Dry,38.5,598,23023.0,978
720,2023/02/23,2:05,720,Puree - Blackcurrant,7.5,128,960.0,978
721,2023/06/27,7:48,721,Truffle Cups Green,33.3,421,14019.3,978
722,2023/12/15,6:58,722,Ecolab - Power Fusion,7.9,884,6983.6,978
723,2023/08/16,9:53,723,"Tart Shells - Savory, 3",27.4,395,10823.0,978
724,2023/03/08,2:31,724,Onions - White,16.4,496,8134.4,978
725,2023/07/23,17:39,725,V8 - Vegetable Cocktail,12.9,748,9649.2,978
726,2023/05/07,11:59,726,Veal - Liver,5.0,522,2610.0,978
727,2023/08/04,1:09,727,Asparagus - Frozen,27.1,668,18102.8,978
728,2023/05/16,13:49,728,"Sauce - White, Mix",7.0,813,5691.0,978
729,2024/01/19,3:33,729,Raspberries - Frozen,27.1,443,12005.3,978
730,2023/04/20,15:03,730,Cheese - Parmesan Grated,8.8,317,2789.6,978
731,2023/12/14,21:00,731,Skirt - 24 Foot,29.3,731,21418.3,978
732,2023/08/29,11:42,732,Cheese Cloth,20.3,187,3796.1,978
733,,22:38,733,Raspberries - Frozen,20.4,842,17176.8,978
734,2023/11/30,13:36,734,Pastry - Butterscotch Baked,3.4,704,2393.6,978
735,2023/05/23,22:40,735,Neckerchief Blck,38.8,529,20525.2,978
736,2023/02/17,23:18,736,Beer - Molson Excel,7.6,582,4423.2,978
737,2023/08/29,6:34,737,Sambuca - Opal Nera,29.2,414,12088.8,978
738,2023/05/26,7:29,738,Melon - Cantaloupe,25.1,651,16340.1,978
739,2023/11/23,11:31,739,Versatainer Nc - 8288,41.7,562,23435.4,978
740,2023/10/21,9:57,740,Rabbit - Legs,45.0,976,43920.0,978
741,2023/07/24,22:13,741,Chicken - Livers,18.7,469,8770.3,978
742,2023/12/03,0:13,742,Soup - Tomato Mush. Florentine,24.2,254,6146.8,978
743,2023/12/30,13:15,743,Chicken - Ground,8.1,821,6650.1,978
744,2023/07/23,13:44,744,Wine - Spumante Bambino White,30.4,883,26843.2,978
745,2023/07/27,10:55,745,Pork - Backfat,32.7,979,32013.3,978
746,2023/04/08,16:54,746,Chick Peas - Canned,10.0,989,9890.0,978
747,2023/10/22,20:16,747,"Liqueur Banana, Ramazzotti",13.1,193,2528.3,978
748,2023/10/27,5:29,748,Ecolab Silver Fusion,21.6,546,11793.6,978
749,2023/10/09,22:00,749,"Octopus - Baby, Cleaned",47.0,186,8742.0,978
750,2024/02/05,1:04,750,"Ranchero - Primerba, Paste",43.0,289,12427.0,978
751,2024/02/09,5:42,751,Glycerine,28.5,985,28072.5,978
752,2023/11/06,11:57,752,Olives - Stuffed,12.8,975,12480.0,978
753,2023/10/26,14:36,753,Bagel - 12 Grain Preslice,3.0,377,1131.0,978
754,,0:13,754,"Tomatoes - Diced, Canned",11.9,593,7056.7,978
755,2023/11/15,3:35,755,Lid Coffee Cup 8oz Blk,19.4,720,13968.0,978
756,2023/07/23,2:18,756,"Melon - Watermelon, Seedless",36.2,824,29828.8,978
757,2024/01/15,4:14,757,"Bread - White, Sliced",6.1,592,3611.2,978
758,2023/12/13,15:49,758,Pie Filling - Cherry,28.7,918,26346.6,978
759,2023/10/27,6:40,759,Shopper Bag - S - 4,18.1,344,6226.4,978
760,2023/10/09,5:45,760,Wine - Marlbourough Sauv Blanc,31.8,644,20479.2,978
761,2023/11/17,6:09,761,Food Colouring - Red,38.2,104,3972.8,978
762,,8:11,762,Nacho Chips,27.3,969,26453.7,978
763,2024/01/15,6:46,763,Juice - Orangina,31.4,107,3359.8,978
764,2024/01/10,2:53,764,Lobster - Live,1.1,184,202.4,978
765,2023/12/24,6:48,765,Spic And Span All Purpose,39.7,937,37198.9,978
766,2024/01/21,21:22,766,"Lentils - Green, Dry",41.1,693,28482.3,978
767,2023/03/01,5:16,767,Green Scrubbie Pad H.duty,4.5,247,1111.5,978
768,2023/09/28,7:55,768,Salmon Steak - Cohoe 6 Oz,26.6,565,15029.0,978
769,2023/03/06,6:20,769,Yoplait Drink,15.7,122,1915.4,978
770,2023/07/05,6:45,770,Veal - Bones,17.0,810,13770.0,978
771,2023/06/06,17:10,771,Water - Tonic,17.4,487,8473.8,978
772,2023/12/24,9:47,772,Steam Pan - Half Size Deep,40.9,933,38159.7,978
773,2023/09/08,2:22,773,Coconut - Whole,4.1,748,3066.8,978
774,2023/05/14,18:06,774,"Oranges - Navel, 72",14.7,814,11965.8,978
775,2023/07/12,16:34,775,Wine - Stoneliegh Sauvignon,13.2,236,3115.2,978
776,,16:48,776,Wine - Winzer Krems Gruner,16.9,934,15784.6,978
777,2023/05/19,23:48,777,"Pasta - Lasagna, Dry",15.4,7,107.8,978
778,2023/04/30,20:45,778,"Pasta - Spaghetti, Dry",4.9,746,3655.4,978
779,2023/08/25,13:10,779,Calypso - Strawberry Lemonade,25.2,53,1335.6,978
780,2023/05/28,14:34,780,Bacardi Mojito,42.0,69,2898.0,978
781,2023/05/23,17:17,781,Lighter - Bbq,39.4,976,38454.4,978
782,2023/12/14,11:01,782,Ice Cream - Fudge Bars,35.7,400,14280.0,978
783,2023/12/22,14:07,783,Cheese - Ermite Bleu,40.2,787,31637.4,978
784,2023/10/17,23:46,784,Fond - Chocolate,20.3,421,8546.3,978
785,2023/07/16,2:24,785,Pastry - Chocolate Chip Muffin,8.9,466,4147.4,978
786,2024/02/13,21:32,786,,33.4,270,9018.0,978
787,2023/02/26,19:34,787,"Beans - Navy, Dry",26.0,53,1378.0,978
788,2023/12/02,17:24,788,Ham - Proscuitto,48.9,867,42396.3,978
789,2023/07/06,5:49,789,"Bar Mix - Pina Colada, 355 Ml",35.3,594,20968.2,978
790,2023/12/07,17:21,790,Table Cloth 62x120 White,37.5,305,11437.5,978
791,2023/02/25,3:18,791,Foil Wrap,39.9,868,34633.2,978
792,2023/11/10,10:37,792,Pickle - Dill,15.0,553,8295.0,978
793,2023/12/04,1:49,793,Nut - Macadamia,11.3,343,3875.9,978
794,2023/03/09,3:30,794,Bread - Wheat Baguette,43.2,377,16286.4,978
795,2023/04/20,19:06,795,Cookie Dough - Chocolate Chip,15.2,846,12859.2,978
796,2023/05/13,8:26,796,Cotton Wet Mop 16 Oz,49.7,957,47562.9,978
797,2023/07/15,7:40,797,Wine - Delicato Merlot,2.2,933,2052.6,978
798,2023/07/16,19:03,798,Cheese - Grie Des Champ,39.5,806,31837.0,978
799,2024/01/31,5:31,799,Bread - White Mini Epi,10.1,312,3151.2,978
800,2023/08/15,22:28,800,"Oil - Food, Lacquer Spray",22.2,862,19136.4,978
801,2023/05/20,9:08,801,Sugar - Palm,45.9,667,30615.3,978
802,2023/06/01,23:43,802,"Beef - Rouladin, Sliced",34.6,950,32870.0,978
803,2023/03/06,16:17,803,Extract - Raspberry,1.1,790,869.0,978
804,2023/04/13,21:17,804,Uniform Linen Charge,9.8,860,8428.0,978
805,,17:21,805,,11.4,842,9598.8,978
806,2023/08/06,19:57,806,"Beans - Long, Chinese",13.0,737,9581.0,978
807,2023/05/16,2:09,807,Chips Potato Salt Vinegar 43g,8.8,536,4716.8,978
808,2023/10/31,22:56,808,Beer - Fruli,25.1,823,20657.3,978
809,2023/05/02,13:44,809,Cheese - Fontina,2.6,562,1461.2,978
810,2023/04/19,7:53,810,Grenadillo,11.2,937,10494.4,978
811,,11:31,811,"Loaf Pan - 2 Lb, Foil",39.0,424,16536.0,978
812,2023/11/21,12:48,812,Cake - Sheet Strawberry,14.2,351,4984.2,978
813,2023/04/05,9:10,813,Cinnamon Rolls,25.4,265,6731.0,978
814,2023/09/11,0:50,814,Cake - Night And Day Choclate,31.8,695,22101.0,978
815,2023/04/24,5:17,815,Sobe - Lizard Fuel,19.0,224,4256.0,978
816,2023/06/27,3:54,816,Halibut - Fletches,27.2,18,489.6,978
817,2024/02/14,14:01,817,Vinegar - Raspberry,25.0,366,9150.0,978
818,2024/02/01,22:29,818,Tilapia - Fillets,49.9,674,33632.6,978
819,2023/08/27,3:55,819,Fudge - Chocolate Fudge,43.5,528,22968.0,978
820,2023/11/29,17:55,820,Wine - Casillero Deldiablo,24.3,63,1530.9,978
821,2023/07/07,23:24,821,Spice - Montreal Steak Spice,28.4,544,15449.6,978
822,2023/12/06,22:29,822,Garam Masala Powder,1.7,448,761.6,978
823,2023/06/28,14:10,823,"Stock - Veal, Brown",13.1,636,8331.6,978
824,2023/08/30,2:41,824,Crackers - Trio,43.5,712,30972.0,978
825,2024/02/09,20:00,825,Cheese - Brick With Pepper,46.1,617,28443.7,978
826,2023/09/08,15:34,826,Table Cloth 53x53 White,25.3,500,12650.0,978
827,2023/12/06,12:57,827,Duck - Fat,33.4,656,21910.4,978
828,2023/09/05,6:23,828,Egg - Salad Premix,10.2,93,948.6,978
829,2023/08/18,7:54,829,"Juice - Clamato, 341 Ml",14.1,443,6246.3,978
830,2023/12/21,16:57,830,Goat - Whole Cut,48.0,157,7536.0,978
831,2023/03/05,6:31,831,Taro Root,14.7,441,6482.7,978
832,2023/12/13,14:36,832,Wine - Vineland Estate Semi - Dry,27.2,243,6609.6,978
833,2023/11/17,18:52,833,,8.0,748,5984.0,978
834,2023/03/18,13:12,834,"Wine - Red, Gallo, Merlot",43.9,912,40036.8,978
835,2023/03/25,13:34,835,"Leeks - Baby, White",4.7,827,3886.9,978
836,2023/12/20,17:31,836,Fondant - Icing,40.2,957,38471.4,978
837,2024/02/03,22:41,837,Cake - Night And Day Choclate,12.0,293,3516.0,978
838,2024/01/10,22:26,838,Beer - Blue,29.5,783,23098.5,978
839,2023/08/24,12:04,839,V8 - Tropical Blend,30.4,809,24593.6,978
840,2023/04/05,3:14,840,Wine - Savigny - Les - Beaune,34.8,650,22620.0,978
841,2023/12/08,7:04,841,Latex Rubber Gloves Size 9,24.6,148,3640.8,978
842,2023/06/24,16:54,842,Bread - French Baquette,25.8,101,2605.8,978
843,2023/10/02,11:27,843,Squash - Sunburst,16.4,500,8200.0,978
844,2023/06/16,20:47,844,,44.0,728,32032.0,978
845,2024/01/25,16:14,845,Magnotta - Bel Paese White,30.6,176,5385.6,978
846,2023/05/30,22:27,846,Shrimp - 100 / 200 Cold Water,44.2,567,25061.4,978
847,2023/11/11,15:49,847,Wine - Alicanca Vinho Verde,38.7,516,19969.2,978
848,2023/06/28,7:40,848,"Cherries - Bing, Canned",31.9,594,18948.6,978
849,2023/09/16,1:52,849,Chevril,44.4,632,28060.8,978
850,2023/11/17,22:42,850,Broom - Corn,29.8,88,2622.4,978
851,2023/10/18,1:53,851,Beans - Butter Lrg Lima,50.0,971,48550.0,978
852,2024/02/14,20:47,852,Wine - Prem Select Charddonany,1.4,954,1335.6,978
853,2023/07/10,12:11,853,Beef - Prime Rib Aaa,20.4,647,13198.8,978
854,2023/10/05,0:56,854,Appetizer - Smoked Salmon / Dill,33.7,86,2898.2,978
855,2023/07/21,21:19,855,Sausage - Meat,14.9,87,1296.3,978
856,2023/03/02,14:11,856,Carrots - Jumbo,5.4,444,2397.6,978
857,2023/12/22,5:11,857,Bagel - Everything,32.7,468,15303.6,978
858,2023/10/26,3:15,858,Wiberg Cure,4.6,822,3781.2,978
859,2023/05/31,17:58,859,Plasticknivesblack,26.8,970,25996.0,978
860,,4:12,860,Chicken - Bones,1.8,599,1078.2,978
861,2023/12/10,5:12,861,Lobster - Cooked,48.7,293,14269.1,978
862,2023/08/31,22:45,862,Wine - Vidal Icewine Magnotta,22.3,294,6556.2,978
863,2023/08/30,2:49,863,Food Colouring - Pink,7.3,418,3051.4,978
864,2024/02/05,17:24,864,Bread - Multigrain,38.8,949,36821.2,978
865,,11:36,865,Pork - European Side Bacon,15.7,288,4521.6,978
866,2023/11/27,8:13,866,Rice - Basmati,17.0,806,13702.0,978
867,2023/07/17,8:52,867,Long Island Ice Tea,1.7,542,921.4,978
868,2023/06/02,8:50,868,"Wine - White, Lindemans Bin 95",2.8,994,2783.2,978
869,2023/07/18,3:44,869,Carbonated Water - Wildberry,36.6,943,34513.8,978
870,2023/06/13,0:47,870,Island Oasis - Wildberry,11.8,239,2820.2,978
871,2023/08/06,21:37,871,Peppercorns - Green,7.8,698,5444.4,978
872,2024/01/18,1:08,872,Truffle Shells - Semi - Sweet,29.2,907,26484.4,978
873,2023/06/27,19:04,873,Beer - Sleeman Fine Porter,4.4,962,4232.8,978
874,2023/12/29,8:12,874,"Stock - Veal, White",42.1,277,11661.7,978
875,2023/02/20,3:35,875,"Mushroom - Shitake, Dry",42.7,915,39070.5,978
876,2023/06/25,23:22,876,Onions - Red Pearl,23.1,6,138.6,978
877,2023/07/16,19:21,877,Mix - Cocktail Ice Cream,33.6,500,16800.0,978
878,2023/04/22,0:18,878,"Nut - Chestnuts, Whole",42.1,176,7409.6,978
879,2023/08/15,18:51,879,Spice - Onion Powder Granulated,45.8,35,1603.0,978
880,2023/03/27,3:29,880,Cookies - Assorted,18.7,148,2767.6,978
881,,1:28,881,Wine - Chianti Classico Riserva,11.5,761,8751.5,978
882,2023/12/24,0:23,882,"Ice - Clear, 300 Lb For Carving",36.3,252,9147.6,978
883,2023/07/10,23:58,883,Crawfish,18.7,303,5666.1,978
884,2023/04/23,2:50,884,Chicken - Wieners,47.4,519,24600.6,978
885,2024/01/12,20:23,885,Mayonnaise - Individual Pkg,30.4,103,3131.2,978
886,2023/04/09,13:59,886,Butter - Pod,7.5,436,3270.0,978
887,2023/03/30,4:01,887,Maintenance Removal Charge,31.9,33,1052.7,978
888,2023/10/01,12:44,888,Sauce - Thousand Island,41.5,886,36769.0,978
889,2023/07/17,7:45,889,Wood Chips - Regular,17.1,416,7113.6,978
890,2023/10/27,13:49,890,Ecolab - Mikroklene 4/4 L,42.9,451,19347.9,978
891,2023/02/27,6:24,891,Muffin - Banana Nut Individual,20.8,919,19115.2,978
892,2023/05/18,12:17,892,Bread - Bistro White,34.7,860,29842.0,978
893,2023/11/18,20:55,893,Wine - Fino Tio Pepe Gonzalez,44.5,828,36846.0,978
894,2023/06/14,1:20,894,Jam - Apricot,43.4,357,15493.8,978
895,2023/06/23,9:31,895,"Artichoke - Hearts, Canned",19.2,468,8985.6,978
896,2023/12/20,14:15,896,Coffee Guatemala Dark,16.8,367,6165.6,978
897,2023/08/10,3:55,897,Appetizer - Escargot Puff,28.0,291,8148.0,978
898,2024/01/15,2:23,898,Lime Cordial - Roses,7.1,953,6766.3,978
899,2023/07/12,6:54,899,Veal - Heart,31.8,962,30591.6,978
900,2023/07/23,20:47,900,Truffle - Whole Black Peeled,49.0,843,41307.0,978
901,2023/09/09,18:49,901,Crab Brie In Phyllo,7.6,234,1778.4,978
902,2023/12/09,22:39,902,Wonton Wrappers,32.4,762,24688.8,978
903,2023/07/31,4:45,903,Parsley - Dried,47.1,311,14648.1,978
904,2023/09/25,5:09,904,Bar Special K,37.9,327,12393.3,978
905,2023/04/15,13:23,905,Cheese Cloth No 60,38.8,30,1164.0,978
906,2023/05/01,10:41,906,Wine - Casillero Del Diablo,11.9,530,6307.0,978
907,2023/08/04,10:15,907,Croissants Thaw And Serve,7.5,770,5775.0,978
908,2023/03/17,14:53,908,Truffle - Peelings,26.7,491,13109.7,978
909,2023/11/25,0:08,909,"Shrimp - Baby, Warm Water",26.8,990,26532.0,978
910,2023/09/20,22:38,910,Tray - 16in Rnd Blk,42.5,840,35700.0,978
911,2024/01/18,10:58,911,"Chocolate - Pistoles, White",40.0,496,19840.0,978
912,2023/12/18,21:40,912,Lady Fingers,22.5,289,6502.5,978
913,2024/02/10,12:23,913,Appetizer - Southwestern,32.6,551,17962.6,978
914,2023/11/30,22:53,914,Ice Cream - Chocolate,15.9,914,14532.6,978
915,2023/11/22,2:38,915,The Pop Shoppe - Cream Soda,20.3,34,690.2,978
916,2023/11/23,0:48,916,"Tart Shells - Sweet, 4",13.6,743,10104.8,978
917,2023/05/29,2:55,917,Steel Wool,17.9,997,17846.3,978
918,2023/04/01,8:26,918,Rice - Long Grain,32.1,436,13995.6,978
919,2023/03/19,9:46,919,Arctic Char - Fillets,43.7,574,25083.8,978
920,2024/01/31,5:27,920,,30.5,799,24369.5,978
921,2023/03/12,18:33,921,Avocado,15.3,719,11000.7,978
922,2023/10/08,18:20,922,"Syrup - Monin, Irish Cream",39.1,461,18025.1,978
923,2023/09/09,22:45,923,Eggroll,13.1,111,1454.1,978
924,2023/10/17,14:09,924,Flour - Whole Wheat,40.3,888,35786.4,978
925,2023/04/04,2:55,925,Radish - Pickled,25.9,104,2693.6,978
926,2023/10/24,22:13,926,Squid U5 - Thailand,2.4,711,1706.4,978
927,2023/09/29,22:34,927,"Pasta - Fettuccine, Egg, Fresh",4.3,959,4123.7,978
928,2023/12/28,21:20,928,"Coffee - Beans, Whole",35.5,990,35145.0,978
929,2023/04/13,4:46,929,"Red Snapper - Fresh, Whole",49.0,372,18228.0,978
930,2023/04/15,23:22,930,Pear - Asian,41.0,481,19721.0,978
931,,4:43,931,Fuji Apples,26.5,424,11236.0,978
932,2023/05/24,21:38,932,"Wine - Red, Pinot Noir, Chateau",21.7,856,18575.2,978
933,,8:39,933,"Jam - Raspberry,jar",22.2,295,6549.0,978
934,2023/05/16,5:36,934,Wine - Cotes Du Rhone,29.5,853,25163.5,978
935,2023/10/02,5:51,935,Chives - Fresh,30.9,510,15759.0,978
936,2023/11/19,17:08,936,"Water - Spring Water, 355 Ml",2.9,691,2003.9,978
937,2023/07/29,22:27,937,Bread - Assorted Rolls,7.5,100,750.0,978
938,2023/06/22,23:31,938,Blue Curacao - Marie Brizard,33.7,714,24061.8,978
939,2024/02/03,13:21,939,Bread - White Mini Epi,23.1,169,3903.9,978
940,2023/04/11,21:25,940,Pork - Sausage Casing,11.7,229,2679.3,978
941,2023/05/15,0:47,941,Bread - French Baquette,12.8,63,806.4,978
942,2023/08/10,12:58,942,"Roe - Lump Fish, Black",32.3,241,7784.3,978
943,2023/02/17,3:20,943,Wine - Jaboulet Cotes Du Rhone,15.2,7,106.4,978
944,2023/09/19,6:55,944,Cabbage - Green,37.7,62,2337.4,978
945,2023/10/06,13:26,945,Celery Root,35.5,295,10472.5,978
946,2023/07/26,17:51,946,Container - Clear 16 Oz,2.9,481,1394.9,978
947,2023/04/03,9:18,947,"Artichoke - Bottom, Canned",39.6,24,950.4,978
948,2023/07/22,9:21,948,"Octopus - Baby, Cleaned",20.3,570,11571.0,978
949,2023/05/05,5:24,949,"Appetizer - Mini Egg Roll, Shrimp",14.9,558,8314.2,978
950,2023/04/16,11:16,950,Cookies - Fortune,32.1,619,19869.9,978
951,2023/06/05,16:05,951,"Syrup - Monin, Amaretta",9.5,323,3068.5,978
952,2023/09/05,10:23,952,Shrimp - Black Tiger 6 - 8,2.4,736,1766.4,978
953,2023/06/05,3:26,953,Energy Drink - Franks Original,17.3,982,16988.6,978
954,2023/12/06,15:12,954,Oregano - Fresh,49.9,598,29840.2,978
955,2023/07/04,11:08,955,Table Cloth 54x72 Colour,8.8,511,4496.8,978
956,2023/05/13,16:37,956,Soup - Campbells Asian Noodle,40.9,521,21308.9,978
957,2023/09/08,7:07,957,"Squash - Pattypan, Yellow",41.3,868,35848.4,978
958,2024/01/30,7:21,958,Wine - Chardonnay Mondavi,34.5,614,21183.0,978
959,2023/10/04,13:54,959,Lid Tray - 16in Dome,37.8,870,32886.0,978
960,2023/12/19,7:30,960,Oil - Olive,10.6,289,3063.4,978
961,2023/06/12,22:35,961,Coffee Swiss Choc Almond,44.8,63,2822.4,978
962,2024/02/01,20:29,962,Liners - Baking Cups,16.3,469,7644.7,978
963,2024/01/19,19:18,963,Wine - Hardys Bankside Shiraz,44.2,473,20906.6,978
964,2023/10/17,9:15,964,Miso - Soy Bean Paste,16.7,266,4442.2,978
965,2023/07/19,4:22,965,"Seedlings - Buckwheat, Organic",28.5,351,10003.5,978
966,2023/05/25,16:13,966,Scrubbie - Scotchbrite Hand Pad,12.3,601,7392.3,978
967,2023/04/01,3:23,967,Cheese - Parmesan Cubes,39.2,151,5919.2,978
968,2023/09/20,17:15,968,Food Colouring - Green,46.4,693,32155.2,978
969,2024/01/20,6:22,969,Guava,38.8,765,29682.0,978
970,2023/04/09,10:30,970,Potatoes - Fingerling 4 Oz,24.4,684,16689.6,978
971,2023/06/11,7:36,971,"Cheese - Cheddar, Medium",4.6,690,3174.0,978
972,2023/11/18,11:06,972,Beets,34.9,879,30677.1,978
973,2024/02/02,4:23,973,Sprouts - Onion,45.6,495,22572.0,978
974,2023/03/29,17:05,974,Curry Powder,10.4,982,10212.8,978
975,2023/12/21,14:25,975,Kale - Red,35.9,42,1507.8,978
976,2023/12/06,8:35,976,"Butter - Salted, Micro",27.5,797,21917.5,978
977,2023/12/29,1:53,977,Pecan Raisin - Tarts,47.9,219,10490.1,978
978,2023/11/28,20:03,978,Water - Aquafina Vitamin,17.4,900,15660.0,978
979,2023/11/10,16:33,979,"Pail - 4l White, With Handle",13.5,689,9301.5,978
980,2023/11/17,10:46,980,Muffin Mix - Morning Glory,33.6,39,1310.4,978
981,2023/07/07,4:07,981,Turnip - Wax,8.6,324,2786.4,978
982,2023/07/09,22:06,982,"Soup - Knorr, Veg / Beef",31.5,972,30618.0,978
983,2023/10/02,19:54,983,Sauce - Oyster,7.2,599,4312.8,978
984,2023/04/30,22:37,984,,4.0,497,1988.0,978
985,2023/03/28,21:07,985,Nantucket - 518ml,21.4,482,10314.8,978
986,2023/09/18,17:49,986,Milk - Chocolate 500ml,11.9,234,2784.6,978
987,2023/09/24,12:28,987,Wine - Magnotta - Cab Sauv,28.7,431,12369.7,978
988,2023/07/05,1:48,988,"Wine - White, Pelee Island",33.9,857,29052.3,978
989,,4:13,989,Tart - Butter Plain Squares,45.6,634,28910.4,978
990,2023/10/07,2:47,990,Flower - Daisies,38.2,132,5042.4,978
991,2023/02/19,7:53,991,Tea - Lemon Green Tea,36.9,918,33874.2,978
992,2023/09/10,22:12,992,Chicken Thigh - Bone Out,22.7,797,18091.9,978
993,2023/12/25,11:30,993,,13.9,73,1014.7,978
994,2023/10/03,13:41,994,Cheese - Taleggio D.o.p.,7.3,2,14.6,978
995,2023/07/10,17:24,995,Wine - Jaboulet Cotes Du Rhone,9.0,430,3870.0,978
996,2023/09/28,7:43,996,,2.2,408,897.6,978
997,2023/07/05,11:43,997,Bread - Calabrese Baguette,24.5,616,15092.0,978
998,2023/10/19,22:36,998,Sour Puss - Tangerine,16.1,452,7277.2,978
999,2023/11/03,7:43,999,,34.5,917,31636.5,978
1000,2023/07/29,10:50,1000,"Star Anise, Whole",32.2,243,7824.6,978
